stock_name,stock_code,article_date,article_title,article_nickname,article_content,article_comments,article_viewers,article_likes,article_dislikes,article_url,vote_election,vote_candidate,vote_category,vote_start_date,vote_end_date
옵티시스,109080,2025-06-09,공하나 붙는거 한순간..,jiyo****,2 4 5 % 먹고 떨어져라 잔개미들아..,"['키움개미가 찍어 누르네! 넌 누구냐?', '거래량이 부족하군 아니네', '오늘 가는갑다', '인내는 쓰고 열매는 달다!', '난 찬성~~', '잡주']",1679,6,1,https://finance.naver.com/item/board_read.naver?code=109080&nid=303961765&st=&sw=&page=2,21대,김문수,인맥주,2025-05-03,2025-06-10
옵티시스,109080,2025-06-09,무상증자 기대감,yong****,동사는 자사주를 소각하게 되면 유통주식이 급속히 감소하기 때문에 유보율이 2천프로를 상회하는 점 등을 감안하면 무상증자를 실시할 가능성이 높다 할 것이다.,"['개미들 열심히 매도하는데 반드시 후회할 것이다!', '유통주식수가 아니고 발행 주식수가 감소함으로 정정함']",1023,8,5,https://finance.naver.com/item/board_read.naver?code=109080&nid=303921677&st=&sw=&page=2,21대,김문수,인맥주,2025-05-03,2025-06-10
옵티시스,109080,2025-06-07,외국인 매수 6거래일째,yong****,"지속되는 이유가 있을 것이다! 아래 제가 누차 기술한 내용을 살펴 보면 다소 이해가 될 것입니다. 영업실적 지속 개선, 자사주 상당보유, 저per주, 저pbr주로 주가가 상승할 이유는 많은 점에 비해 주가는 현재까지 거의 제자리다! 이제부터는 현정부의 상법개정안 내용 등을 감안하면 주가가 강력히 상승할 시점이라 생각합니다",[],794,7,2,https://finance.naver.com/item/board_read.naver?code=109080&nid=303866886&st=&sw=&page=2,21대,김문수,인맥주,2025-05-03,2025-06-10
옵티시스,109080,2025-06-04,양자주인데 정치 테마 엮인게 오히려 악재였음,chod****,오히려 악재 해소 된거임. 양자 테마로 그대로 가야지,['언제쯤 가려나'],1398,7,0,https://finance.naver.com/item/board_read.naver?code=109080&nid=303724777&st=&sw=&page=2,21대,김문수,인맥주,2025-05-03,2025-06-10
옵티시스,109080,2025-06-04,공매도,navy****,잡자 결국 오를거다 저점 분할 매수 중이다,[],1197,1,0,https://finance.naver.com/item/board_read.naver?code=109080&nid=303713634&st=&sw=&page=2,21대,김문수,인맥주,2025-05-03,2025-06-10
옵티시스,109080,2025-06-04,못가더니..이제,mr_r****,문수탈락으로 하락이니,"['문수형하고 뭔상관?이런 주식은 원래 질 안가다가 한번에 날라가지', '제 글을 참고바랍니다! 이주식은 pbr이 낮고 자사주가 많으며 실적이 좋아 오를 수 있는 가능성이 많습니다!', '문수관련주아니야']",1259,1,2,https://finance.naver.com/item/board_read.naver?code=109080&nid=303697646&st=&sw=&page=2,21대,김문수,인맥주,2025-05-03,2025-06-10
옵티시스,109080,2025-06-04,6월2일 공매도 현황,mi******,"누계공매도량 87,584주 공매도 평균가 8,772원 공매도 세력이 하락을 주도하네, 공매도 수량 늘고, 공매도 평균가도 낮아지네. 자슥, 많이 공매도 해라, 시겁할 때가 있다.",[],980,2,0,https://finance.naver.com/item/board_read.naver?code=109080&nid=303689250&st=&sw=&page=2,21대,김문수,인맥주,2025-05-03,2025-06-10
옵티시스,109080,2025-06-02,신정부 기대감,yong****,신정부가 출범하면 소액주주 권익을 제고하기 위해 자사주를 소각하여 ROE를 높이려는 정책을 시행할 가능성이 높다. 동사는 자사주 보유율이 16%를 상회하므로 이 정책수혜주가 될 가능성이 높다고 할 것이다.,[],1257,5,3,https://finance.naver.com/item/board_read.naver?code=109080&nid=303598878&st=&sw=&page=2,21대,김문수,인맥주,2025-05-03,2025-06-10
옵티시스,109080,2025-05-31,겁줄때,navy****,매수??? 주식은 반대로 해야 되던데,[],1274,3,1,https://finance.naver.com/item/board_read.naver?code=109080&nid=303567474&st=&sw=&page=2,21대,김문수,인맥주,2025-05-03,2025-06-10
옵티시스,109080,2025-05-31,5월30일 공매도 현황,mi******,"누계 공매도량 87,177주, 평균 공매도가격 8,824원 , 매도 세력이 공매도로 줄기차게 주가 하락 시키네, 한번 세게 올려보자 엿 먹여 보자, 몇 주 않되는 공매도 세력이 짜증나게 깔짝 거리네,",['공매도도 문제지만 신용으로 매수한 개인들이 먹을거 없으니 계속 매도하는 것도 하락을 부채질하고 있습니다.'],909,2,2,https://finance.naver.com/item/board_read.naver?code=109080&nid=303565864&st=&sw=&page=2,21대,김문수,인맥주,2025-05-03,2025-06-10
옵티시스,109080,2025-05-30,이젠 무상증자를 할때 2021년도에 삼만윈이 지금은 구천원,ch70****,주식총수가 560만주가 뭡니까.아니 자사주90만주 빼면 470만주 이게 뭡니까? 이젠 무상증자를 해주세요. 1분기 순이익이 20억이면 년 80억입니다. 영업이익보다 당기순이익이 많은것은 부채가거의없기때문인데. 무상증자가답입니다. 100%무상증자해도 940만주 입니다. 이ㄸㄷㅐ가 지금입니다.,"['대주주지분을 빼면 유통 물량은 더 적죠! 조속히 물량을 늘려야 합니다! 회사도 이런 게시판 보고 있겠죠? 조치해 주길 바랍니다.', '그걸 회사에 얘기해야지 왜 여기다 글을 써 ㅋㅋ', '꿈깨라 경영진은 그런거 생각 안한다']",1124,2,2,https://finance.naver.com/item/board_read.naver?code=109080&nid=303527126&st=&sw=&page=2,21대,김문수,인맥주,2025-05-03,2025-06-10
옵티시스,109080,2025-05-30,1200주 손절함 손실 20만원 세금포함ㅋㅋ,newb****,최근 유일한 손실 종목!! 이 종목 기다림의 종목같음! 인내하는 분은 먹을듯! 난 인내 부족으로 여기까지만 ㅋㅋ,['좀 더 아래에서 매수 해야지.......조금씩만 매수하자'],996,3,0,https://finance.naver.com/item/board_read.naver?code=109080&nid=303520421&st=&sw=&page=2,21대,김문수,인맥주,2025-05-03,2025-06-10
옵티시스,109080,2025-05-30,비중이 얼마 대지 않아 2프로 떨어지면,newb****,손절!!,[],914,1,0,https://finance.naver.com/item/board_read.naver?code=109080&nid=303499877&st=&sw=&page=2,21대,김문수,인맥주,2025-05-03,2025-06-10
옵티시스,109080,2025-05-30,5월29일 공매도 현황,mi******,"누계공매도량 86,781 주, 평균단가 8,910 원, 10일 동안 10,000 주 증가했네. 계속 공매도중 좋아",[],332,1,1,https://finance.naver.com/item/board_read.naver?code=109080&nid=303496272&st=&sw=&page=2,21대,김문수,인맥주,2025-05-03,2025-06-10
옵티시스,109080,2025-05-29,1200주 가진 주주,newb****,수익률 가장 꼴찌!! 지금현재 수익 2만 4천원!! ㅋㅋ ㅋㅋㅋ,[],353,2,0,https://finance.naver.com/item/board_read.naver?code=109080&nid=303462902&st=&sw=&page=2,21대,김문수,인맥주,2025-05-03,2025-06-10
옵티시스,109080,2025-05-29,1200주 가진 주주,newb****,종가 오늘 드디어 마이너스! 12000원 ㅋㅋ 이좋은 장에 유일하게 마이너스 ㅎㅎ,[],315,1,0,https://finance.naver.com/item/board_read.naver?code=109080&nid=303470118&st=&sw=&page=2,21대,김문수,인맥주,2025-05-03,2025-06-10
옵티시스,109080,2025-05-29,보초,navy****,100주만 일단 입성 눈팅하면서 볼께요 내려 주면 감사하공 ㅋㅋㅋ 올려주면 점심값이나 벌고.... 잘 부탁해요,[],329,2,0,https://finance.naver.com/item/board_read.naver?code=109080&nid=303446241&st=&sw=&page=3,21대,김문수,인맥주,2025-05-03,2025-06-10
옵티시스,109080,2025-05-28,양자도 아니고 문수도 아니고,jbk1****,하차 합니다... 5만원 먹고 가네요 마이너스 아닌게 다행이라고 생각하고 갑니다 성투 하세요,[],456,6,0,https://finance.naver.com/item/board_read.naver?code=109080&nid=303369653&st=&sw=&page=3,21대,김문수,인맥주,2025-05-03,2025-06-10
옵티시스,109080,2025-05-27,양자기술이 있는건지?,junn****,맞나요?,"['2만원 가야지', '철물점 전ㅂ가나어. 먼 양자여. 개가웃어,6년간 그래']",735,3,2,https://finance.naver.com/item/board_read.naver?code=109080&nid=303309584&st=&sw=&page=3,21대,김문수,인맥주,2025-05-03,2025-06-10
옵티시스,109080,2025-05-26,양자컴퓨팅 활용한 국방 AI 기술 고도화에 본격 착수,ppds****,"펀진이 양자컴퓨팅 기업 리게티 컴퓨팅(Rigetti Computing)과 국내 양자기술 기업 노르마와 손잡고, 양자 소프트웨어 기반의 차세대 국방 AI 기술 공동 개발에 나선다. 세 기업은 지난 21일 업무협약(MOU)을 체결하고, 양자컴퓨팅을 활용한 국방 AI 기술 고도화에 본격 착수한다고 26일 밝혔다. 이번 협약은 양자 소프트웨어 분야 공동 연구 및 사업화(R&BD), 국방 특화 양자 AI·머신러닝·최적화 기술 개발, 양자컴퓨팅 인프라 및 기술 교류, 하이브리드 AI 모델(고전+양자컴퓨팅) 공동 개발 등을 골자로 한다. 또한, 양자컴퓨팅 기반 국방 사업화와 공동 과제 발굴, 기술 교류를 통해 국방 첨단기술의 전반적 경쟁력을 끌어올릴 계획이다.",['근데 주가 꼬라지가 우째 이러는지요?약 그만 팔고 혼자 열심히 매집해서 부자 되시요.'],837,3,3,https://finance.naver.com/item/board_read.naver?code=109080&nid=303217500&st=&sw=&page=3,21대,김문수,인맥주,2025-05-03,2025-06-10
옵티시스,109080,2025-05-26,줍줍타임~,ppds****,"옵티시스(109080)는 1분기 영업이익이 15억 8300만원으로 전년 동기 대비 흑자전환~같은 기간 매출액은 43.4% 증가한 67억 3700만원, 당기순이익은 445.7% 증가한 19억 9500만원으로 각각 집계됐다.","['근데 주가는?', 'https://n.news.naver.com/article/092/0002375663?sid=105']",809,2,2,https://finance.naver.com/item/board_read.naver?code=109080&nid=303198363&st=&sw=&page=3,21대,김문수,인맥주,2025-05-03,2025-06-10
옵티시스,109080,2025-05-26,갑자기 쏠거 같다.,saja****,너낌 아니깐,[],688,2,2,https://finance.naver.com/item/board_read.naver?code=109080&nid=303197287&st=&sw=&page=3,21대,김문수,인맥주,2025-05-03,2025-06-10
옵티시스,109080,2025-05-24,양자 주인가요?,junn****,어떤 관련이?,"['서자주입니다.', '추가로 회장이 양자 중력이론 서울대 박사 삼성전자에서 양자기술개발 참여 이론과 실비를 겸비한 최고수준 전문가.. 이정도면 양자로 묻어 갈만 하죠?', '세계 최소 디지털광링크 개발100G급 이더넷 스위치 테스터보드 설계제작 양자 우물구조 설계및 성장 기술개발완료 쉽게 생각해 컴퓨터가 졸라 빨라지는데 그 데이터를 이동 시키는 전선도 빠른게 이동 할수 있는거여야 함 옵티가 그쪽 세계 1위 기업']",1110,1,1,https://finance.naver.com/item/board_read.naver?code=109080&nid=303155581&st=&sw=&page=3,21대,김문수,인맥주,2025-05-03,2025-06-10
옵티시스,109080,2025-05-24,월요일 상한가 예상,junn****,여론조사 뒤집혀 https://naver.me/FJIglXB1,[],874,1,1,https://finance.naver.com/item/board_read.naver?code=109080&nid=303151195&st=&sw=&page=3,21대,김문수,인맥주,2025-05-03,2025-06-10
옵티시스,109080,2025-05-23,양자컴퓨터 탄력~,ppds****,"JP모건의 사믹 채터지 애널리스트는 최근 보고서를 통해 ""양자 컴퓨팅 분야에 상당한 투자가 뒷받침될 것으로 예상된다""며 ""전 세계 정부가 양자 기술을 혁신의 핵심 분야로 인식하고 있어 개발을 가속화하기 위한 상당한 자원을 투자할 것""고 전망했다.","['그래서 주가는 ?', '얘는 양자하고 관련 짓기에는 넘 코딱지 같은 회사인디유.', 'https://n.news.naver.com/article/629/0000392536?sid=101']",964,3,0,https://finance.naver.com/item/board_read.naver?code=109080&nid=303100898&st=&sw=&page=3,21대,김문수,인맥주,2025-05-03,2025-06-10
옵티시스,109080,2025-05-23,양자암호 관련주,tina****,전날 퀀텀 아이온큐 급등 양자암호 옵티시스,['안 오를 이유가 없지'],784,4,0,https://finance.naver.com/item/board_read.naver?code=109080&nid=303071781&st=&sw=&page=3,21대,김문수,인맥주,2025-05-03,2025-06-10
옵티시스,109080,2025-05-22,아쫌,geob****,"재무상태도 좋은데 무상증자라도 하자 이건 뭐 양자로 반짝 올랐다가 하락하고, 김문수 관련주로도 안가고 ㅠ 적어도 만원 이상은 가야될 종목인데 만원 이상만 올라가면 바로 하락시켜서 8천원 대에서 놀고 있으니 환장하겠네","['옵티시스 꼭 참고하세요 https://naver_newsl.uzu.kr', '외인들 매수는 낮게 만들어 매수량이 많아보일뿐..진정 오를 주체가 없소']",928,4,1,https://finance.naver.com/item/board_read.naver?code=109080&nid=303017110&st=&sw=&page=3,21대,김문수,인맥주,2025-05-03,2025-06-10
옵티시스,109080,2025-05-22,빨리 팔고 딴데 가야겠다,drea****,평화홀딩스나 대영포장이 나을듯..,[],791,2,0,https://finance.naver.com/item/board_read.naver?code=109080&nid=302995978&st=&sw=&page=3,21대,김문수,인맥주,2025-05-03,2025-06-10
옵티시스,109080,2025-05-21,옵티시스는 친아들 인가 보다......,jbk1****,양자는 아닌것 같으니.......,[],652,2,0,https://finance.naver.com/item/board_read.naver?code=109080&nid=302969429&st=&sw=&page=3,21대,김문수,인맥주,2025-05-03,2025-06-10
옵티시스,109080,2025-05-21,"양자암호 테마 관련주들 개급등중, 옵티시스야 양자암호로 날라가자~ 가만히 있지말고 날라가자",vict****,"양자암호 테마 관련주들 개급등중, 옵티시스야 양자암호로 날라가자~ 가만히 있지말고 날라가자","['옵티시스 올해 1 분기 순이익 : 30억 원은 20억 원으로 정정합니다 ( 아래 )', '자본금 28억 원, 부채비율 : 8%, 유보율 : 2,200% + 이익 잉여금 559억 원 ( 올해 1 분기 순 이익 : 30억 원 ). 세계최초 디지털 광 링크 상용화 !!!', '조금만 오르려면 외인 개인 등이 서로 앞다투어 팔아 제키는 통에 오를 수가 없네!']",844,4,1,https://finance.naver.com/item/board_read.naver?code=109080&nid=302915643&st=&sw=&page=3,21대,김문수,인맥주,2025-05-03,2025-06-10
옵티시스,109080,2025-05-21,"김문수 관련주 올라온 글중 김문수, 이준석 단일화 하는 분석글~ 이번주 김문수 관련주 대폭등 카운트다운~ ~~~◇~~~◇~~~ ■단일화 시작",vict****,"김문수 관련주 올라온 글중 김문수, 이준석 단일화 하는 분석글~ 이번주 김문수 관련주 대폭등 카운트다운~ ~~~◇~~~◇~~~ ■단일화 시작 ■ vmft****2025.05.21. 투표용지 인쇄일이 이틀 남았지? 내일 장중에 단일화 뉴스 나올거야. 사람들이 착각하는게.. 단일화는 정치 이념이나 이해관계 때문에 하는게 아니야. 돈 때문에 하는거다. 대선 선거비용은 하루에 10억씩 들어가. 각종 매체에 광고비용, 전국 유세비용등 30일 선거기간 동안 최소 300억이야. 득표율이 15% 넘길때는 이걸 다 나라에서 보전해줘. 근데 15% 를 못넘기면? 전부 사비+당비로 충당해야되. 그래서 투표용지 인쇄 전까지 득표율 15% 못넘길거 같으면 단일화를 하는거야. 이준석이 지금 세게 나오고 있지? 그건 어차피 단일화 해야하니 협상에서 최대한 많은걸 얻기 위함이야. 이제 내일되면 이준석도 단일화 언급을 하기 시작할거야. 단일화 안하면 전재산 날리고 당비도 전부 날리게 되는데.. 안할 수가 없는거지. 오늘 김문수 관련주들 폭등나온게 이 이유에서야. 내일 단일화 얘기 나오면 또 급등한다. 시초에 개미털기 당하지 말고 잘 매매해봐.",['어느놈이 정권을 잡아도 대한민국의 미래는 어둡다. 군에 갔다오지 않은자들이 계엄이니. 국가 안보니 하는건 입만 살았다는 걸 유권자들은 왜 모르나 ? 전쟁에 관한 공약은 한 놈도 없더라.'],622,1,2,https://finance.naver.com/item/board_read.naver?code=109080&nid=302907583&st=&sw=&page=3,21대,김문수,인맥주,2025-05-03,2025-06-10
옵티시스,109080,2025-05-20,김문수후보가 승기를 잡았네요,drea****,이제부터 시작인듯..대역전극이 펼쳐질거로 보입니다.,['김문수주 다가는데'],810,10,2,https://finance.naver.com/item/board_read.naver?code=109080&nid=302836780&st=&sw=&page=3,21대,김문수,인맥주,2025-05-03,2025-06-10
옵티시스,109080,2025-05-18,양자컴퓨터,ctyk****,"옵티시스: 메타버스와 양자의 연결고리 핵심 포인트: 과거 국책 과제로 100G급 이더넷 스위치 테스트보드 설계 및 제작 양자 우물구조 설계와 성장 기술 개발 이력 신현국 대표, 양자중력이론 박사 학위 보유 옵티시스는 대표적인 메타버스 관련주이지만, 과거 국책 과 제로 100G급 이더넷 스위치 테스트보드 설계 및 제작에 성 공하여 양자 우물구조 설계와 성장 기술을 개발한 이력이 있 습니다. 신현국 대표는 양자중력이론 박사 학위를 보유하고 있어 양자 기술에 대한 깊은 이해를 가지고 있습니다",[],474,3,1,https://finance.naver.com/item/board_read.naver?code=109080&nid=302735987&st=&sw=&page=3,21대,김문수,인맥주,2025-05-03,2025-06-10
옵티시스,109080,2025-05-17,"털린자들+공매도놈들 이래도 하락하냐!!! 월요일 상한가 속출/●[속보] 한동훈, 尹 탈당에 金 지원 본격화…""다음주부터 현장서 국민 만날 것""",vict****,"털린자들+공매도놈들 이래도 하락하냐!!! 월요일 상한가 속출/●[속보] 한동훈, 尹 탈당에 金 지원 본격화…""다음주부터 현장서 국민 만날 것"" 입력2025.05.17. 오전 11:23 수정2025.05.17. 오전 11:31 기사원문 안소현 기자 17일 오전 윤석열 탈당 직후 페이스북서 밝혀 한동훈 국민의힘 전 대표가 17일 ""다음 주부터 현장에서 국민들과 만나겠다""며 김문수 대선 후보 지원 유세를 본격화하겠다는 뜻을 밝혔다. 한동훈 전 대표는 이날 오전 윤석열 전 대통령이 국민의힘을 탈당한 직후, 페이스북에서 ""우리 당을 위해 적극적으로 할 일을 하고 있고, 앞으로도 그럴 것""이라며 ""다음 주에는 현장에서 국민들과 만날 것""이라고 예고했다. 지난 3일 경기 고양시 킨텍스에서 열린 국민의힘 전당대회에서 국민의힘 대선 후보로 김문수 후보가 선출된 가운데 한동훈 후보가 승복 연설을 하고 있다. [공동취재·연합뉴스] 안소현 기자(ashright@dt.co.kr)",[],540,2,1,https://finance.naver.com/item/board_read.naver?code=109080&nid=302726581&st=&sw=&page=3,21대,김문수,인맥주,2025-05-03,2025-06-10
옵티시스,109080,2025-05-17,"김문수 관련주 월요일 상한가 속출 예정●[속보] 윤석열, 국민의힘 탈당…""김문수에 힘 모아달라"" 입력2025.05.17. 오전 9:23 수정2",vict****,"김문수 관련주 월요일 상한가 속출 예정●[속보] 윤석열, 국민의힘 탈당…""김문수에 힘 모아달라"" 입력2025.05.17. 오전 9:23 수정2025.05.17. 오전 9:39 기사원문 윤석열 전 대통령이 17일 국민의힘을 탈당했다. 윤 전 대통령은 이날 페이스북에 ""저는 오늘 국민의힘을 떠난다""며 ""비록 당을 떠나지만, 자유와 주권 수호를 위해 백의종군할 것""이라고 밝혔다. 그러면서 ""이번 대선에 대한민국의 운명이 걸려있다""며 ""국민의힘 김문수에게 힘을 모아 달라""고 호소했다. 윤 전 대통령은 ""이번 선거는 전체주의 독재를 막고 자유민주주의와 법치주의를 지키기 위한 마지막 기회""라며 ""여러분의 한 표 한 표는 이 나라의 자유와 주권을 지키고 번영을 이루는 길""이라고 강조했다. 오세성 한경닷컴 기자 sesung@hankyung.com ●●●●●●● ~~~☆~~~☆~~~☆~~~ 김문수 vs 한덕수 ---> 결과 김문수 최종결정 다음날 주가는 김문수 관련주 상한가 속출, 한덕수 관련주 하한가 속출!!! 윤석열 탈당은 김문수 관련주들 상한가 또는 20%이상 급등 가능성 높아졌다~ 김문수 관련주 안털리고 보유자들 정치테마주 고수인정~",[],533,2,1,https://finance.naver.com/item/board_read.naver?code=109080&nid=302724297&st=&sw=&page=3,21대,김문수,인맥주,2025-05-03,2025-06-10
옵티시스,109080,2025-05-17,소감 마지막,yong****,주가가 하루 상승하면 며칠씩 하락하니 실적이 좋아도 매수가 따라 붙지 않는 매력이 없는 주식으로 전락한지 오래다! 그러다 보니 말같지도 않은 정치 테마주로까지 등장했다! 회사는 주주가치 제고를 위해 자사주매입을 하고는 있으나 그 효과가 미미하니 숙고해서 타 대책을 강구하여 이런 상황을 타개할 수 있도록 하여야 할 것이다!,[],367,2,0,https://finance.naver.com/item/board_read.naver?code=109080&nid=302720421&st=&sw=&page=4,21대,김문수,인맥주,2025-05-03,2025-06-10
옵티시스,109080,2025-05-17,소감 한마디 2,yong****,또한 주식 발행량이 적으니 주주의 수도 적다! 즉 시장참여자가 적으니 그들만의 리그가 계속되고 이 주식의 속성을 너무나 잘 아니 조금만 오르내려도 물량이 계속 나온다! 이제는 회사는 주식수를 늘려 거래량을 활성화시켜 소량으로 주가를 교란할 수 없도록 하여야 할 것이다! 또란 회사의 비젼이나 활동상도 수시로 홍보해 주시길 바랍니다!,[],256,1,0,https://finance.naver.com/item/board_read.naver?code=109080&nid=302720124&st=&sw=&page=4,21대,김문수,인맥주,2025-05-03,2025-06-10
옵티시스,109080,2025-05-17,소감 한마디,yong****,이 주식은 평소 거래량이 적어 조금만 매도량이 나와도 하락한다! 이런 패턴이 계속되다 보니 아무리 실적이 좋아도 좀처럼 매수가 따라 붙지 않는다! 게다가 외국인은 수시로 사고 팔고 하면서 주가를 교란시키고 공매도까지 활개치니 주가는 방향성을 잃고 헤매고 있다!,[],249,1,0,https://finance.naver.com/item/board_read.naver?code=109080&nid=302720015&st=&sw=&page=4,21대,김문수,인맥주,2025-05-03,2025-06-10
옵티시스,109080,2025-05-16,오늘여론조사/이재명vs 김문수 지지율 오차범위 7%/다음주 김문수 관련주 슛팅 카운트다운~ ~~~◇~~~◇~~~ 이재명 46.5% vs 김,vict****,"오늘여론조사/이재명vs 김문수 지지율 오차범위 7%/다음주 김문수 관련주 슛팅 카운트다운~ ~~~◇~~~◇~~~ 이재명 46.5% vs 김문수 39.5%, 격차 15%p→7%p...이준석 7.3% [펜앤여론조사] 박준규 기자 입력 2025.05.16 18:45 16일 공개된 펜앤마이크 여론조사 중 대통령 후보 지지도 조사. [여론조사공정] 오는 6월 3일로 예정된 제21대 대선 후보 지지도 여론조사에서 더불어민주당 이재명 후보와 국민의힘 김문수 후보간 격차가 한 자릿수 대에 접어들었다는 펜앤마이크 자체 조사 결과가 16일 나왔다. 김문수 후보의 상승세가 수치상으로 확인됐단 평가지만, 격차는 여전히 오차범위 밖이다. 펜앤마이크가 여론조사 전문기관 여론조사공정(주)에 의뢰해 지난 14일과 15일 이틀간 전국 만18세 이상 남녀 1천1명을 대상으로 대통령 후보 투표 조사를 실시한 결과, 이재명 후보 46.5%, 김문수 후보 39.5%, 개혁신당 이준석 후보 7.3%인 것으로 나타났다. 그외 '기타 다른 후보' 2.7%, '없다' 2.3%, '잘 모르겠다' 1.7%였다. 직전 조사와 비교하면 이재명 후보는 3.5%p 하락, 김문수 후보는 4.5%p 상승했다. 그 결과 15%p였던 두 후보간 격차는 7%p가 됐다. 다만 오차범위(±3.1%p) 밖인 것은 그대로다. 그밖에 이준석 후보는 0.9%p 하락했다. 이번 조사 결과에 대해 서요한 여론조사공정(주) 대표는 ""이번 조사의 특징은 지금까지의 조사 중 이재명 후보와 김문수 후보간 차이가 7%p로 가장 근접하게 나타났다는 점""이라면서 ""또 김문수 후보와 이준석 후보의 지지율 합(46.8%)이 이재명 후보의 지지율과 거의 동일하게 나오기도 해 단일화 명분이 생겼다 할 수 있다""고 평가했다. 세부내역을 보면 우선 지역별로는 ▲서울(이재명 42.3%, 김문수 40.8%, 이준석 10.6%) ▲경기·인천(50.4, 36.2, 6.8) ▲대전·세종·충남북(44.9, 38.4, 6.0) ▲광주·전남북(66.1, 29.3, 2.5) ▲대구·경북(31.6, 55.7, 4.6) ▲부산·울산·경남(42.3, 41.7, 9.9) ▲강원·제주(44.8, 39.0, 8.4)였다. 성별로는 남성(44.3, 38.6, 12.0), 여성(48.7, 40.3, 2.8)였으며, 연령별로는 ▲20대 이하(33.7, 35.0, 22.9) ▲30대(46.1, 34.6, 11.9) ▲40대(63.3, 27.4, 4.7) ▲50대(57.9, 33.9, 1.9) ▲60대(39.1, 52.8, 2.1) ▲70세 이상(34.7, 54.1, 3.3)였다. 지지 정당의 경우 민주당 지지층의 96.2%가 이재명 후보를, 국민의힘 지지층의 92.7%가 김문수 후보를, 개혁신당 지지층의 84.3%가 이준석 후보를 지지했다. '지지정당 없다'의 경우 각각 18.2%, 23.1%, 5.4%였다. 정치 성향의 경우 ▲진보(78.9%, 13.3%, 4.0%) ▲보수(20.3, 67.4, 6.1) ▲중도(50.4, 30.9, 11.3) ▲'잘 모르겠다'(51.4, 30.2, 3.2)였다. 해당 조사는 구조화된 설문지를 이용한 무선 ARS 전화조사로 무선 RDD ARS(100%)로 피조사자를 선정했다. 응답률은 전체 4.6%, 표본오차는 95% 신뢰수준에 ±3.1%p였다. 성, 연령, 지역별 인구비례에 따른 할당 추출로 올해 4월말 행정안전부 주민등록인구통계 기준 국가 인구통계에 따른 성, 연령, 지역별 가중치가 부여(림가중)됐다. 보다 자세한 사항은 중앙선거여론조사심의위원회 홈페이지를 참조하면 된다. 박준규 기자 pjk7000@pennmike.com",[],316,2,1,https://finance.naver.com/item/board_read.naver?code=109080&nid=302713051&st=&sw=&page=4,21대,김문수,인맥주,2025-05-03,2025-06-10
옵티시스,109080,2025-05-16,백광현 국회 인터뷰---대장동 증거 폭로,cdki****,https://www.youtube.com/watch?v=eH3mnTv61Pk https://www.youtube.com/watch?v=D-WLTMeI8Zs https://www.youtube.com/watch?v=uwjlI0-Bn_c https://www.youtube.com/watch?v=4IGXWnJcjgs,[],357,1,0,https://finance.naver.com/item/board_read.naver?code=109080&nid=302670190&st=&sw=&page=4,21대,김문수,인맥주,2025-05-03,2025-06-10
옵티시스,109080,2025-05-16,이죄명 대장동 증거나왔다..망했군....끝났다 ㅋㅋㅋ,cdki****,https://www.youtube.com/watch?v=eH3mnTv61Pk https://www.youtube.com/watch?v=D-WLTMeI8Zs https://www.youtube.com/watch?v=uwjlI0-Bn_c https://www.youtube.com/watch?v=4IGXWnJcjgs,[],330,0,0,https://finance.naver.com/item/board_read.naver?code=109080&nid=302669960&st=&sw=&page=4,21대,김문수,인맥주,2025-05-03,2025-06-10
옵티시스,109080,2025-05-16,만일 김문수지지율이 이범죄자를 앞서면,cdki****,얼마나 올라갈까.... 파기환송받았으니 이제 피의자가 아니고 범죄자네....,[],263,2,0,https://finance.naver.com/item/board_read.naver?code=109080&nid=302667750&st=&sw=&page=4,21대,김문수,인맥주,2025-05-03,2025-06-10
옵티시스,109080,2025-05-16,김문수지지율급등이피의자와7%내외로 좁혀져,cdki****,상가야하는거 아닌감... https://www.msn.com/ko-kr/news/other/%EC%9D%B4%EC%9E%AC%EB%AA%85-45-8-%EA%B9%80%EB%AC%B8%EC%88%98-38-8-7-0-p%EC%B0%A8-%EB%8D%B0%EC%9D%BC%EB%A6%AC%EC%95%88-%EC%97%AC%EB%A1%A0%EC%A1%B0%EC%82%AC/ar-AA1ERC1Y?ocid=msedgntp&pc=HCTS&cvid=601d8905d8884975bb92a2ac53e186a6&ei=7,[],259,1,0,https://finance.naver.com/item/board_read.naver?code=109080&nid=302666528&st=&sw=&page=4,21대,김문수,인맥주,2025-05-03,2025-06-10
옵티시스,109080,2025-05-15,대표님전상서,shc0****,지멘스 믿고투자한 5년차주주 입니다..무상증자타이밍 고려해주십시요,[],403,4,1,https://finance.naver.com/item/board_read.naver?code=109080&nid=302596287&st=&sw=&page=4,21대,김문수,인맥주,2025-05-03,2025-06-10
옵티시스,109080,2025-05-15,t실적과 성장성은 언젠가는 반영,cjcj****,존버가 답이다....8천5백 아래...추매 대기,[],334,0,2,https://finance.naver.com/item/board_read.naver?code=109080&nid=302566579&st=&sw=&page=4,21대,김문수,인맥주,2025-05-03,2025-06-10
옵티시스,109080,2025-05-15,공매도 현황,mi******,"5/2일 누계 공매도량 60,414 평균 공매도가 8,511원 5/7일 65,375주 . 8,435원 5/8일 67,056주 . 8,428원 5/9일 67,097주 . 8,465원 5/12일 75,126주 . 10,284원 5/13일 75,981주 . 9,377원 5/14일 77,326 주 . 9,157원 겁도 없이 공매도량이 증가하고 있네, 공매도치는 자들의 물량을 받아 먹자.",[],394,2,1,https://finance.naver.com/item/board_read.naver?code=109080&nid=302545227&st=&sw=&page=4,21대,김문수,인맥주,2025-05-03,2025-06-10
옵티시스,109080,2025-05-14,"1/4분기 매출액대비 순이익율 30%, 대박",mi******,"1/4분기 매출액 67억원, 당기순이익 20억, 매출액 대비 순이익율 30%, 대에박, 굿, 좋은 회사.","['희망없이', '니 많이사라 개잡주', '개 잡주']",619,6,4,https://finance.naver.com/item/board_read.naver?code=109080&nid=302530626&st=&sw=&page=4,21대,김문수,인맥주,2025-05-03,2025-06-10
옵티시스,109080,2025-05-14,"2025년 1/4분기 실적, 대박",mi******,"매출액 2025년 1/4분기, 67억 , 2024년 1/4분기, 47억 ( 43 % 신장) 영업이익 2025년 1/4분기, 16억, 2024년 1/4분기, - 3억 ( 폭발성장) 순이익 2025년 1/4분기, 20억, 2024년 1/4분기, 4억 (446% 신장) 대에박 성장, 굿 좋아, 가자 20,000원대로",[],454,3,3,https://finance.naver.com/item/board_read.naver?code=109080&nid=302527480&st=&sw=&page=4,21대,김문수,인맥주,2025-05-03,2025-06-10
옵티시스,109080,2025-05-14,월요일 매수... 제대로 물림..ㅜ.ㅜ,cjcj****,주식 산지 이틀만에 15% 손실...정말 주식은 어렵고...무섭기까지...하다....순식간이네...재료 이단 거 필요없다....세력 마음대로...,[],421,3,0,https://finance.naver.com/item/board_read.naver?code=109080&nid=302521070&st=&sw=&page=4,21대,김문수,인맥주,2025-05-03,2025-06-10
옵티시스,109080,2025-05-14,이런 개잡주를 왜사가지고,tina****,오를때 찔끔오르고 내릴땐 폭포수니...,[],305,5,0,https://finance.naver.com/item/board_read.naver?code=109080&nid=302482780&st=&sw=&page=4,21대,김문수,인맥주,2025-05-03,2025-06-10
옵티시스,109080,2025-05-14,엑스게이트 상간다 오늘은 양자의 날이다,cdki****,옵티시스도 상가겄군,['상 당하겠군.'],345,1,1,https://finance.naver.com/item/board_read.naver?code=109080&nid=302466320&st=&sw=&page=4,21대,김문수,인맥주,2025-05-03,2025-06-10
옵티시스,109080,2025-05-14,실적발표~어닝서프라이스!,hale****,오늘 내일,['헛소리 마라 집주'],244,0,0,https://finance.naver.com/item/board_read.naver?code=109080&nid=302464754&st=&sw=&page=4,21대,김문수,인맥주,2025-05-03,2025-06-10
옵티시스,109080,2025-05-14,김문수의 회상,cdki****,"김 전 장관은 당시를 회상하며 ""그 때 삼성전자는 국내에 반도체 투자를 일체 하지 않았다""며 ""내가 경기도지사를 8년을 했는데 그 중 6년 동안 삼성전자를 설득했다. 그 결과 평택에 삼성 반도체 단지 착공식을 보고 퇴임할 수 있었다""고 말했다. 또 서울에서 한 시간 넘는 거리에 있는 평택에 근로자를 유입시키기 위해 수도권 광역급행철도(GTX) 사업을 추진했다. 김 전 장관은 ""서울에 있는 삼성전자에서 일하는 사람들은 강남에 살았는데 강남에서 한 시간 내로 출퇴근이 안 되면 다른 지역으로 전근 가지 않았다""며 GTX 착공 배경을 밝혔다. 이어 ""GTX를 수서에서 타면 평택지제역까지 15분밖에 안 걸린다""고 설명했다. 해외 투자 유치에도 몸을 사리지 않았다. 그는 ""해외 투자 유치를 위해 미국·유럽·일본 등 안 간 곳이 없다""며 ""일본 제조업이 우리나라에 제일 많이 들어와있다. 삼성전자의 핵심 공정도 일본과 미국 기술""이라고 설명했다. 이어 ""해외 기업들로부터 투자를 유치하려면 기업인만 (해외에) 가면 안 된다. 국가도 나서야 한다""며 ""방산이 대표적이다. 해외 기업은 한화 회사 하나만 믿고 자주포를 사지 않는다. 대통령이나 국방부 장관이 (회사 제품을) 보증도 하고 AS(애프터서비스) 등 각종 지원도 약속해줘야 자주포나 T-50 고등훈련기 등이 팔리는 거다. 즉 국가간의 신용이 중요하다""고 강조했다. https://v.daum.net/v/20250412070007945 https://www.msn.com/ko-kr/news/other/%EB%8C%80%EC%84%A0-%EA%B2%BD%EA%B8%B0%EC%A7%80%EC%82%AC-%EB%8D%94%EB%B9%84-%EC%84%B1%EC%82%AC-%EA%B5%AD%ED%9E%98-%EA%B2%BD%EA%B8%B0%EB%8F%84-%EA%B0%9C%EB%B0%9C-%EC%82%AC%EC%97%85-%EC%84%B1%EA%B3%BC-%EB%B3%B4%EB%A9%B4-%EB%8B%B5-%EB%82%98%EC%98%A8%EB%8B%A4/ar-AA1EF1lG?ocid=BingNewsSerp",['그래서 주가는 왜 이모양임?'],267,4,0,https://finance.naver.com/item/board_read.naver?code=109080&nid=302459127&st=&sw=&page=4,21대,김문수,인맥주,2025-05-03,2025-06-10
옵티시스,109080,2025-05-14,김문수의 미친 업적,cdki****,"김문수는 대장동의 수백배가 넘는 한국의 테크노벨리인 판교테크노벨리, 파주 LG LED단지조성, 평택삼성반도체유치, 광교신도시 개발, 화성동탄개발, GTX 기획 및 건설, 신분당선 기획및건설, 수도권 지하철과 버스연계요금통합제,...기타등등 헤아릴수없이 많고 지금 이시설들이 없었으면 우리나라 망했다 유죄명은 이보다 수백분의 1도 안되는 대장동,백현동 만들면서 수백조의 비리에 연루되어 재판을 받고있다 그러면서 거기에 연루된 검사,판사들을 다 탄핵하고 법을바꾸어 사법부를 초토화시키고 있다 그러나 김문수는 이엄청난 공사를 하면서도 비리하나없고 오히려 경기도의 청렴도를 최상위로 끌어올렸다 이런 인물을 대통령으로 뽑지 않는다면 대한민국 국민들은 호구들이다","['개한민국 노예들은 호구다.', '천불난다 고만혀라']",233,3,1,https://finance.naver.com/item/board_read.naver?code=109080&nid=302459112&st=&sw=&page=4,21대,김문수,인맥주,2025-05-03,2025-06-10
옵티시스,109080,2025-05-13,김문수 테마 +양자암호 테마 옵티시스/ 양자암호 테마 관련주들 단일가거래에서 급등마감. +5%~2%대,vict****,김문수 테마 +양자암호 테마 옵티시스/ 양자암호 테마 관련주들 단일가거래에서 급등마감. +5%~2%대 한국첨단소재 5% 케이씨에스 4% 아이씨티케이 3.5% 우리로 2.7% ~ 내일 옵티시스 김문수 관련주로 급등 안해도 양자암호 테마로 급등 가능성높다.,[],216,2,1,https://finance.naver.com/item/board_read.naver?code=109080&nid=302453361&st=&sw=&page=5,21대,김문수,인맥주,2025-05-03,2025-06-10
옵티시스,109080,2025-05-13,내일부터는 김문수 대장주가 옵티시스 다,cdki****,단일가에 올라간 김문수테마주는 옵티시스뿐이다 양자기술 + 김문수테마주 설마 주변에서 7명이나 자살한놈이 대통령 되겄니???우리나라 국민들이 그렇게 호락호락하지 않다.....,"['이게 오른거랴,몇주로..꿈까소']",251,6,2,https://finance.naver.com/item/board_read.naver?code=109080&nid=302451975&st=&sw=&page=5,21대,김문수,인맥주,2025-05-03,2025-06-10
옵티시스,109080,2025-05-13,어제 세력이 반이상 털고 나간 듯 보임,cjcj****,대량 거래 갭상승 후 vl때 털고 나간 듯...반만 털었는지 다 털었는지는 모르겠지만....전형적인 물량털기 방법....불쌍한 개미...하루에 5백 손실...ㅠ.ㅠ..알면서도 당한다..맨날...,[],200,4,1,https://finance.naver.com/item/board_read.naver?code=109080&nid=302447968&st=&sw=&page=5,21대,김문수,인맥주,2025-05-03,2025-06-10
옵티시스,109080,2025-05-13,상승 반토막 이여,mr_r****,낼부터 계속 줄줄 샐것.. 동호회 이놈들 신났구나,[],179,1,0,https://finance.naver.com/item/board_read.naver?code=109080&nid=302447067&st=&sw=&page=5,21대,김문수,인맥주,2025-05-03,2025-06-10
옵티시스,109080,2025-05-13,옵티만 무려 있음,ldj7****,탈출 좀하자,[],234,1,0,https://finance.naver.com/item/board_read.naver?code=109080&nid=302436195&st=&sw=&page=5,21대,김문수,인맥주,2025-05-03,2025-06-10
옵티시스,109080,2025-05-13,장난이 심하네,cjcj****,주가 가지고 장난치는 게 보이네...유튜브에서 칭찬하면..빠진다....전부...광고 같다....,[],175,0,0,https://finance.naver.com/item/board_read.naver?code=109080&nid=302430696&st=&sw=&page=5,21대,김문수,인맥주,2025-05-03,2025-06-10
옵티시스,109080,2025-05-13,김문수 지지율 급상승,cdki****,https://www.youtube.com/watch?v=Sbzny8LgOsI https://v.daum.net/v/20250513092218437 https://v.daum.net/v/20250513123041539,[],350,0,1,https://finance.naver.com/item/board_read.naver?code=109080&nid=302429961&st=&sw=&page=5,21대,김문수,인맥주,2025-05-03,2025-06-10
옵티시스,109080,2025-05-13,올리는데 200억이상 내리는데 30억이면 ..,djdj****,세력 형들이 물량을 얼마나 가지고 있으면 이렇게 만들 수 있는 거지 혼자 다 해 먹고 싶은가 보다 진짜 ㅋㅋ,['개미 여러분! 공매도에 저항해야 합니다!'],234,3,1,https://finance.naver.com/item/board_read.naver?code=109080&nid=302421115&st=&sw=&page=5,21대,김문수,인맥주,2025-05-03,2025-06-10
옵티시스,109080,2025-05-13,폭락 회복안되고,mr_r****,또다시 내일부터 연속하방 원위치로. 연일 한숨,[],166,2,0,https://finance.naver.com/item/board_read.naver?code=109080&nid=302410667&st=&sw=&page=5,21대,김문수,인맥주,2025-05-03,2025-06-10
옵티시스,109080,2025-05-13,완전짠돌이네,vv******,실적도좋은데,[],141,2,0,https://finance.naver.com/item/board_read.naver?code=109080&nid=302401015&st=&sw=&page=5,21대,김문수,인맥주,2025-05-03,2025-06-10
옵티시스,109080,2025-05-13,물렸다...,cjcj****,어제 고점에 물렸다....사기주식 같다....,['어제는 찬티 오늘은 안티'],204,0,0,https://finance.naver.com/item/board_read.naver?code=109080&nid=302398764&st=&sw=&page=5,21대,김문수,인맥주,2025-05-03,2025-06-10
옵티시스,109080,2025-05-13,철수?,ms84****,철수 안철수? 버려 안버려?ㅋ ㅋ 처 올릴꺼라는 희망.버려야지.,[],105,0,0,https://finance.naver.com/item/board_read.naver?code=109080&nid=302395882&st=&sw=&page=5,21대,김문수,인맥주,2025-05-03,2025-06-10
옵티시스,109080,2025-05-13,아니,geob****,평홀이 20%가량 시초가가 됐으면 옵티도 10%정도는 올라가야 하는게 맞는것 아닌가 어떻게 1만원만 넘으면 꼬리박냐 ㅠ,[],98,2,0,https://finance.naver.com/item/board_read.naver?code=109080&nid=302395114&st=&sw=&page=5,21대,김문수,인맥주,2025-05-03,2025-06-10
옵티시스,109080,2025-05-13,옵티시스 말고 시디즈 상갈듯,lemo****,옵티시스 말고 시디즈 상갈듯,[],102,0,0,https://finance.naver.com/item/board_read.naver?code=109080&nid=302388939&st=&sw=&page=5,21대,김문수,인맥주,2025-05-03,2025-06-10
옵티시스,109080,2025-05-13,뭐하냐?,ccin****,다들 손으로 본인 머리 치고 하루 시작해라ㅋㅋ,[],61,1,0,https://finance.naver.com/item/board_read.naver?code=109080&nid=302387331&st=&sw=&page=5,21대,김문수,인맥주,2025-05-03,2025-06-10
옵티시스,109080,2025-05-13,대선 관련주이면서 순이익 우수업체,kg******,대선주 이면서 세계 최초 디지털 광링크 개발업체로 매출액과 순이익 증가율이 양호한 기업임,[],83,1,1,https://finance.naver.com/item/board_read.naver?code=109080&nid=302386374&st=&sw=&page=5,21대,김문수,인맥주,2025-05-03,2025-06-10
옵티시스,109080,2025-05-13,역시 폭락,mr_r****,허허,[],46,0,0,https://finance.naver.com/item/board_read.naver?code=109080&nid=302384139&st=&sw=&page=5,21대,김문수,인맥주,2025-05-03,2025-06-10
옵티시스,109080,2025-05-13,야는~~~,ms84****,아닌갑다. 매일 꼴등이네.그것도 파라불. 아마 떨어질땐 1등할껄.,[],47,0,0,https://finance.naver.com/item/board_read.naver?code=109080&nid=302383987&st=&sw=&page=5,21대,김문수,인맥주,2025-05-03,2025-06-10
옵티시스,109080,2025-05-13,강심장을 가진 자들 ㅡ,pcs2****,"김문수,,, 2 등 확률 99,9 %,,, 김문수 관련주 사신 분들,,, 낭떨어지 에서 외줄타기 하는중,,, 허걱,,, 무써워 !!!!!",[],54,0,1,https://finance.naver.com/item/board_read.naver?code=109080&nid=302381101&st=&sw=&page=5,21대,김문수,인맥주,2025-05-03,2025-06-10
옵티시스,109080,2025-05-13,옵티시스는 김문수의 적극 지원으로 창업된 회사,7420****,옵티시스는 김문수 장관의 경기도지사 시절 경기도의 G창업 프로젝트에서 지원을 받은 바 있어 정책 연관성이 부각되어 김문수 관련주로 분류되는 종목입니다. 아주 저평가된 전망.실적 모두 좋습니다.,[],79,5,1,https://finance.naver.com/item/board_read.naver?code=109080&nid=302380253&st=&sw=&page=6,21대,김문수,인맥주,2025-05-03,2025-06-10
옵티시스,109080,2025-05-13,와우~) 김문수 지지율 대폭상승!,only****,후보 등록 직후 첫 여론조사 '이재명 49.5% 김문수 38.2% 이준석 5.7%' https://n.news.naver.com/article/088/0000947333?sid=100 금방 따라 잡겠네!,[],208,3,0,https://finance.naver.com/item/board_read.naver?code=109080&nid=302379883&st=&sw=&page=6,21대,김문수,인맥주,2025-05-03,2025-06-10
옵티시스,109080,2025-05-12,대장이 바뀐 힘들고.,mr_r****,대장이 가야 상승인데 핑화홀딩 상한가 응원하오,[],137,2,0,https://finance.naver.com/item/board_read.naver?code=109080&nid=302370103&st=&sw=&page=6,21대,김문수,인맥주,2025-05-03,2025-06-10
옵티시스,109080,2025-05-12,이재명 큰일났다!!/대북 송금 미국 국무부와 유엔에 공식 고발됐다,cdki****,https://www.youtube.com/watch?v=Lu8YCmGBKp8,['원익큐브'],497,8,6,https://finance.naver.com/item/board_read.naver?code=109080&nid=302360430&st=&sw=&page=6,21대,김문수,인맥주,2025-05-03,2025-06-10
옵티시스,109080,2025-05-12,대장 평홀이 +20% 이상 갭상해서 시작하면,only****,옵티는 최소 +5%에서 시작허것지!,[],223,3,0,https://finance.naver.com/item/board_read.naver?code=109080&nid=302359279&st=&sw=&page=6,21대,김문수,인맥주,2025-05-03,2025-06-10
옵티시스,109080,2025-05-12,내일도 간다 아이가!,7420****,마이 묵어라!,[],231,3,0,https://finance.naver.com/item/board_read.naver?code=109080&nid=302349458&st=&sw=&page=6,21대,김문수,인맥주,2025-05-03,2025-06-10
옵티시스,109080,2025-05-12,옵티는 김문수에다 디지털 광링크 개발 2마리 토끼,7420****,"옵티시스, 세계 최초 디지털 광링크 개발… 고화질 영상 전송 기술 선도",[],243,6,0,https://finance.naver.com/item/board_read.naver?code=109080&nid=302349052&st=&sw=&page=6,21대,김문수,인맥주,2025-05-03,2025-06-10
옵티시스,109080,2025-05-12,내일도 평화홀딩스가 갭상승해서 다시 상한가 칠것 같여!,lyh1****,그럼 여기도 최소+10% 오르것지!,['이회사 주포는 김 문수 발금치도 못따라가겠네요'],229,3,0,https://finance.naver.com/item/board_read.naver?code=109080&nid=302346657&st=&sw=&page=6,21대,김문수,인맥주,2025-05-03,2025-06-10
옵티시스,109080,2025-05-12,내일은 옵티가 대장,7420****,ㅁ 조건 담어,['평화 형제가 대장이지 술햇나?'],194,2,0,https://finance.naver.com/item/board_read.naver?code=109080&nid=302345651&st=&sw=&page=6,21대,김문수,인맥주,2025-05-03,2025-06-10
옵티시스,109080,2025-05-12,Th발,kisa****,요놈만 공매도 종목이야,"['그리고 왜 외국인이 사는지 숙고하여야 합니다!', '공매도 셰력을 척결해야 하는데 개미들이 단결해야 합니다!']",133,1,0,https://finance.naver.com/item/board_read.naver?code=109080&nid=302341350&st=&sw=&page=6,21대,김문수,인맥주,2025-05-03,2025-06-10
옵티시스,109080,2025-05-12,에이그,geob****,그럼 그렇지 옵티가 상한가 가는건 하늘의 별따기지 오늘은 그래도 상한가를 기대했는데 ㅠ,[],91,2,0,https://finance.naver.com/item/board_read.naver?code=109080&nid=302340875&st=&sw=&page=6,21대,김문수,인맥주,2025-05-03,2025-06-10
옵티시스,109080,2025-05-12,튀어라,ccin****,끝이다,[],52,0,0,https://finance.naver.com/item/board_read.naver?code=109080&nid=302340412&st=&sw=&page=6,21대,김문수,인맥주,2025-05-03,2025-06-10
옵티시스,109080,2025-05-12,서서히 빠지는게냐,mr_r****,"상한가 못가면, 이회사는 다시 하락추세",[],109,1,0,https://finance.naver.com/item/board_read.naver?code=109080&nid=302335758&st=&sw=&page=6,21대,김문수,인맥주,2025-05-03,2025-06-10
옵티시스,109080,2025-05-12,옵티시스 보단 시디즈 무상증자,melo****,옵티시스 보단 시디즈 무상증자,[],103,0,2,https://finance.naver.com/item/board_read.naver?code=109080&nid=302334062&st=&sw=&page=6,21대,김문수,인맥주,2025-05-03,2025-06-10
옵티시스,109080,2025-05-12,오늘 마지막으로) 상한가 갈수 있는 종목은?,lyh1****,이제 옵티시스밖에 없음! 나머지는 10%대 이하임 오늘 김문수주 상한가 순서는? 평화홀딩스->평화산업-> 대영포장-> 세원물산-> 한솔홈데코-> 우원개발 -> 밸로프-> 그다음은 ? 그 다음은 옵티시스가 유력!,[],113,2,1,https://finance.naver.com/item/board_read.naver?code=109080&nid=302331885&st=&sw=&page=6,21대,김문수,인맥주,2025-05-03,2025-06-10
옵티시스,109080,2025-05-12,약속의 2시,cjcj****,아직 기다려요...탈사람 빨리 ㄷ타고..내릴 사람..얼릉..내려요,[],52,1,0,https://finance.naver.com/item/board_read.naver?code=109080&nid=302331521&st=&sw=&page=6,21대,김문수,인맥주,2025-05-03,2025-06-10
옵티시스,109080,2025-05-12,아직 주포가 물량 매집이 안 끝났나>?,cjcj****,흘러내린다..,[],50,0,0,https://finance.naver.com/item/board_read.naver?code=109080&nid=302331167&st=&sw=&page=6,21대,김문수,인맥주,2025-05-03,2025-06-10
옵티시스,109080,2025-05-12,김대통령 될때가지 3만 고 고,love****,확실,[],48,1,1,https://finance.naver.com/item/board_read.naver?code=109080&nid=302330444&st=&sw=&page=6,21대,김문수,인맥주,2025-05-03,2025-06-10
옵티시스,109080,2025-05-12,이미 김푼수주로 역겻구만 ㅎㅎ,hssa****,근데 졸고잇냐? 갈때가자,['그럼 팔고 나가셨다 안 앾겼을 때 다시 오세요 이득보지 마시고'],66,0,1,https://finance.naver.com/item/board_read.naver?code=109080&nid=302329921&st=&sw=&page=6,21대,김문수,인맥주,2025-05-03,2025-06-10
옵티시스,109080,2025-05-12,제발 문수로 엮지좀 마라,nice****,그냥 회사가 좋은거여,[],63,1,0,https://finance.naver.com/item/board_read.naver?code=109080&nid=302328686&st=&sw=&page=6,21대,김문수,인맥주,2025-05-03,2025-06-10
옵티시스,109080,2025-05-12,☆덴티움☆ 이재명 임플란트 정책주 및 최저가 풀매수 가즈아,lane****,☆덴티움☆ 이재명 임플란트 정책주 및 최저가 풀매수 가즈아,[],67,0,0,https://finance.naver.com/item/board_read.naver?code=109080&nid=302325351&st=&sw=&page=7,21대,김문수,인맥주,2025-05-03,2025-06-10
옵티시스,109080,2025-05-12,☆덴티움☆ 이재명 임플란트 정책주 및 최저가 풀매수 가즈아,dudc****,☆덴티움☆ 이재명 임플란트 정책주 및 최저가 풀매수 가즈아,[],52,0,0,https://finance.naver.com/item/board_read.naver?code=109080&nid=302322879&st=&sw=&page=7,21대,김문수,인맥주,2025-05-03,2025-06-10
옵티시스,109080,2025-05-12,코스닥종목이 PBR이,9068****,1이 안되면 저평가도 음청 저평가인데 이럴때 상 안치는게 이상함,['이상한 주식 같다....대영포장 평화산업도 상인데'],102,1,0,https://finance.naver.com/item/board_read.naver?code=109080&nid=302321050&st=&sw=&page=7,21대,김문수,인맥주,2025-05-03,2025-06-10
옵티시스,109080,2025-05-12,상한가 못가면..,cjcj****,ㅜ.ㅜ,[],161,0,0,https://finance.naver.com/item/board_read.naver?code=109080&nid=302319175&st=&sw=&page=7,21대,김문수,인맥주,2025-05-03,2025-06-10
옵티시스,109080,2025-05-12,김문수가 경기도지사일때 대상준 기업 옵티시스,cdki****,https://v.daum.net/v/20071214102005255 https://www.globalepic.co.kr/view.php?ud=20250115095439748abe7dc9896_29 이게 진짜 찐이다...!!,[],369,4,0,https://finance.naver.com/item/board_read.naver?code=109080&nid=302308079&st=&sw=&page=7,21대,김문수,인맥주,2025-05-03,2025-06-10
옵티시스,109080,2025-05-12,믿음이 부족했다,baru****,ㄷㄷㄷㄷㄷㄷㄷㄷ,['믿고 추매했어야 되었네'],244,1,0,https://finance.naver.com/item/board_read.naver?code=109080&nid=302305631&st=&sw=&page=7,21대,김문수,인맥주,2025-05-03,2025-06-10
옵티시스,109080,2025-05-12,김문수 주식중 제일 흑자로 전망 있는 주식임,love****,김문수 아니더라도 상한가 칠만한 주식임 그크라프 판독상으로..,['근데 젤 약함 ㅠㅠ'],252,7,0,https://finance.naver.com/item/board_read.naver?code=109080&nid=302305116&st=&sw=&page=7,21대,김문수,인맥주,2025-05-03,2025-06-10
옵티시스,109080,2025-05-12,드디어 문수로 한번 가겠군..,jbk1****,평화 너무 올라서.. 결국은 옵티도 문수 수해 보네요 상칠듯.. 재무좋고 흑자 기업에 배당도 주고 오른것도 없고 쪼끔 먹을수 있겠네요,['빙고'],228,3,0,https://finance.naver.com/item/board_read.naver?code=109080&nid=302301365&st=&sw=&page=7,21대,김문수,인맥주,2025-05-03,2025-06-10
옵티시스,109080,2025-05-12,김문수부인,lmb5****,믿는다 노동운동할때 처럼 깡다구 스럽게 열심히 해서 전라도표 싹스리 아니 고흥표라도 싹스리 했으면 좋겠다 경상도 영천에 사는 영감땡이가 전라도 출신이 김문수 부인에게 응원의 박수를 보낸다?화이띵,[],180,0,0,https://finance.naver.com/item/board_read.naver?code=109080&nid=302298827&st=&sw=&page=7,21대,김문수,인맥주,2025-05-03,2025-06-10
옵티시스,109080,2025-05-12,관련주 결정되겠어,mr_r****,~상승율 크기에따라 문수관련성 갤정 ~하락/보합시 관련성 꽝,[],133,0,0,https://finance.naver.com/item/board_read.naver?code=109080&nid=302297190&st=&sw=&page=7,21대,김문수,인맥주,2025-05-03,2025-06-10
옵티시스,109080,2025-05-11,김문수 확정,rrr0****,솔직히 한이될줄 ㅊㅋ https://blog.naver.com/mang3030/223861967126,[],183,2,0,https://finance.naver.com/item/board_read.naver?code=109080&nid=302290360&st=&sw=&page=7,21대,김문수,인맥주,2025-05-03,2025-06-10
옵티시스,109080,2025-05-11,꿀팁,mi******,"이재명, 2025년도 명운, 관운이 극을 당함, 김문수 2025년도 명운, 관운이 매우 강하고, 뛰어난 위정자의 운.",['어휴 주식한하는시람이 그런 미신을 맹신 하시다뇨.나도 죄멍 죽을만큼 싫어하지만 모든건 하늘에 맡기고 주식은 냉철하게 합시다'],358,5,0,https://finance.naver.com/item/board_read.naver?code=109080&nid=302283311&st=&sw=&page=7,21대,김문수,인맥주,2025-05-03,2025-06-10
옵티시스,109080,2025-05-11,김문수 대통령된 후에도 관련주,mi******,"이 주식은 신기술, 첨단산업 관련이 있어서 , 김문수가 대통령된 후에도 계속 상승한다. 그래서 나는 조금 올랐다고 매도하지 않고, 계속 사 모으면서 가져갈련다. 이재명 징역형 판결을 기원하면서 말이다. 재미있고, 즐겁잖아, 그리고 김문수 관련주중에서 재무제표가 최고 우량주라서 더욱 좋고, 부채비율 8%, 유보율 2,070% , 빚이 없다는 뜻이지, 자본금은 액면가 500원에 28억 , 좋잖아. 무상증자 가능하지. 순이익율이 20%, 대박","['기껏 대통령 후보 나와서 한다는 소리가 이재명 타도?? 그게 국익을 위해서 도움이 되나?? 지금은 전혀 도움이 안되~ 차라리 더 나은 정책제안이 효과적이다. 제발 이재명 신경끄고 본인 일이나 열심히 해라.', '무상증자에 한 표!!']",430,6,2,https://finance.naver.com/item/board_read.naver?code=109080&nid=302281771&st=&sw=&page=7,21대,김문수,인맥주,2025-05-03,2025-06-10
옵티시스,109080,2025-05-10,월요일부터 쩜상이군,cdki****,김문수가 대통령된다.....,"['헛소리하지마쇼 아재', 'ㅋㅋㅋ 쫄리지???', '여긴 아니에요 ㅜㅜ 좋은 소식 이긴 하지만 여긴 김문수 주 아닌걸로 결정남2% 정돈 오르겠네요']",560,10,4,https://finance.naver.com/item/board_read.naver?code=109080&nid=302276025&st=&sw=&page=7,21대,김문수,인맥주,2025-05-03,2025-06-10
옵티시스,109080,2025-05-10,문수와 관계도 없지만,mr_r****,"당나라당이 문수대신 떡수 밀이주니, 하락 테미아닌 테마주가",['지금 바로 문수가 승리했다! 영향이 있을지는 알 수 없지만 적어도 마이너스 효과는 아닐것이다!'],481,1,1,https://finance.naver.com/item/board_read.naver?code=109080&nid=302264987&st=&sw=&page=7,21대,김문수,인맥주,2025-05-03,2025-06-10
옵티시스,109080,2025-05-10,쩐의전쟁에서 본전 찾으려면. 후보지위확보가 우선,iq******,김문수는 덕수가 무소속 출마하면 단일화 하겠다고 했다. ●덕수가 무소속 출마시 단일화● 4월30일 국짐당 후보경선 영상이 증거. 주식 안물리려면 김문수에게 이사실을 알려요... 국짐당과 덕수가 지는 선거에 죽기 살기로 후보되려는 이유가? 덕수 관련주에 물려서?,[],360,0,1,https://finance.naver.com/item/board_read.naver?code=109080&nid=302260832&st=&sw=&page=7,21대,김문수,인맥주,2025-05-03,2025-06-10
옵티시스,109080,2025-05-09,김문수로 단일화되면 김문수 지지율 급상승한다,cdki****,왜냐면 보수지지율 다빨아당길것이다 그때쯤이면 옵티시스 주가는 하늘에 가있겠지....,"['문수는 청렴해서 기업들 개인적으로 밀어 줄리가 없는데 그런 테마면 죄멍주에 가봐라.여기서 기다리지 말고 어여 가봐', '아무리 봐도 김문수랑 상관 없나봐요....오늘도 평화는 오르는데 반응도 없네요....']",571,4,1,https://finance.naver.com/item/board_read.naver?code=109080&nid=302221332&st=&sw=&page=7,21대,김문수,인맥주,2025-05-03,2025-06-10
옵티시스,109080,2025-05-09,김문수가 경기도지사때 경기도최고의 기업으로 선정된 옵티시스,cdki****,https://v.daum.net/v/20071214102005255 https://www.globalepic.co.kr/view.php?ud=20250115095439748abe7dc9896_29,"['여긴 거래량 100만주면 상한이여 ㅋㅋㅋ 수급? 지난번 상한갈때 거래량 1도 없다가 10-15분 걸려서 상한가 ㅋㅋㅋㅋ', '수급같은소리 하고있네 하나는 알고 둘은 모르나???주식은 바닥에 사는기여.....', '희망회로는 주식에서 금물입니다.수급만이 정답']",472,2,1,https://finance.naver.com/item/board_read.naver?code=109080&nid=302202046&st=&sw=&page=7,21대,김문수,인맥주,2025-05-03,2025-06-10
옵티시스,109080,2025-05-09,양자컴퓨터 테마 아닌 업종이다. 돈이 쌓이고 있다! 최고의 기업 '옵티시스,cdki****,https://www.youtube.com/watch?v=SUKRme3DcIo (11:45),[],274,1,0,https://finance.naver.com/item/board_read.naver?code=109080&nid=302201247&st=&sw=&page=7,21대,김문수,인맥주,2025-05-03,2025-06-10
옵티시스,109080,2025-05-09,22조 양자암호통+김문수테마주=옵티시스,cdki****,"세계최초 광링크개발 구리선보다 전송속도빠르고 노이즈없는 영상장비의 고속전송에 적합 세계최초 하이 게인 양자우물 구조 설계 및 성장 기술 개발을 완료 25Gbps 이상의 고속 광소자, 고속 전송이 가능한 광전엔진, 100G 전송용 액티브 광케이블(AOC) 및 트랜시버, 100G용 네트워크 스위치 등 관련 원천기술을 확보했다 옵티시스의 주력제품인 수직 표면 발광 레이저(VCSEL) 광모듈 기술을 활용한 수입대체 효과도 기대 시장조사기관에 따르면 VCSEL을 이용하는 광모듈의 경우 시장 성장률은 2021년까지 연평균 40%로 총 3조6000억원의 시장에 이를 것으로 예측된다 .옵티시스는 또한 데이터 센터 내 필수 구성 요소인 100G 이더넷 스위치를 개발해 이를 광모듈과 연동시켜 단품 위주의 판매뿐 아니라 전체적인 데이터 센터의 시스템 구축도 가능 https://v.daum.net/v/20191025124527817 https://v.daum.net/v/20110627151922414",[],245,2,0,https://finance.naver.com/item/board_read.naver?code=109080&nid=302200670&st=&sw=&page=7,21대,김문수,인맥주,2025-05-03,2025-06-10
옵티시스,109080,2025-05-09,옵티시스 보단 시디즈 무상증자,sej8****,옵티시스 보단 시디즈 무상증자,[],214,0,1,https://finance.naver.com/item/board_read.naver?code=109080&nid=302182390&st=&sw=&page=8,21대,김문수,인맥주,2025-05-03,2025-06-10
옵티시스,109080,2025-05-08,한덕수가 백기들었다 이젠 김문수가 진정한 보수의 후보이다,cdki****,한덕수가 진정한 애국자네 11일까지 김문수가 자진사퇴안하면 자신은 대선후보 포기 한덴다 이죄명이 대통령이 되는꼴 볼수없기에 김문수가 후보포기 안하면 보수의 대선후보가 두명이 되면 정권이 죄명이한테 넘어가기때문에 자신은 후보포기한덴다 진정한 애국자이다 이제 보수후보는 김문수이다 양자시대의 진정한 대장주 옵티시스 김문수가 경기도지사일때 투자한 옵티시스 이제 선거일전까지 계속 급상승이다 김문수테마주중 최저가이다 아직 때묻지 않았다 이런종목이 한번가면 무섭게 간다....,"['평화 쭉쭉인데 왜..', '한문수나,김덕수나..잔챙이들 관련 없오']",313,2,2,https://finance.naver.com/item/board_read.naver?code=109080&nid=302169750&st=&sw=&page=8,21대,김문수,인맥주,2025-05-03,2025-06-10
옵티시스,109080,2025-05-08,안올라 가는건 좋은데.....,jbk1****,김문수 관련 떨어 질때 같이 떨어지지는 마라.... 이렇게 주가가 못 가는게 공매도 세력이 상한가 친날 공매도 금지 당할정도 까지 공매도 쳐놔서... 못 올라 가게 끝까지 막는중....,['공매도 세력을 박살내야 하는데! 대차잔고도 얼마 안 남있으니 두고보자!'],295,4,0,https://finance.naver.com/item/board_read.naver?code=109080&nid=302127020&st=&sw=&page=8,21대,김문수,인맥주,2025-05-03,2025-06-10
옵티시스,109080,2025-05-08,준만한거래량으로 찍어누르네,djdj****,어떻게든 못가게하려고하는 세력의 의도가 보이네 진짜 준만한거래량으로 찍어누르네,[],212,2,0,https://finance.naver.com/item/board_read.naver?code=109080&nid=302121072&st=&sw=&page=8,21대,김문수,인맥주,2025-05-03,2025-06-10
옵티시스,109080,2025-05-08,김문수 쪽 호재가 계속 나와도..,jean****,전혀 반영이 안되네 걍 버려야겠다 이 개잡주..,[],208,1,0,https://finance.naver.com/item/board_read.naver?code=109080&nid=302115684&st=&sw=&page=8,21대,김문수,인맥주,2025-05-03,2025-06-10
옵티시스,109080,2025-05-08,김문수로 엮이기 싫다네,dals****,차트가 안간힘을 쓰네.. 대체 뭔 재료가 조만간 있는갸?,[],134,0,1,https://finance.naver.com/item/board_read.naver?code=109080&nid=302113828&st=&sw=&page=8,21대,김문수,인맥주,2025-05-03,2025-06-10
옵티시스,109080,2025-05-07,공매도 과열종목,mi******,"얼마전까지 공매도 과열 종목이었지. 공매도 세력이 많이 물렸나 보지, 공매도 열심히 하네, 3개월안에는 청산할려고 매수하겠지, 요즘 공매도 세력이 적자 많이 난다고하던데, 매수세가 붙으면 이 종목 가벼워서 훅 날아간다. 공매도 세력이 열 받았을 때, 부지런히 모아가 보자.",[],255,2,1,https://finance.naver.com/item/board_read.naver?code=109080&nid=302090612&st=&sw=&page=8,21대,김문수,인맥주,2025-05-03,2025-06-10
옵티시스,109080,2025-05-07,조만간 김문수로 단일화 될것이다,cdki****,김문수가 바보니???그냥 버팅기면 한덕수는 자진사퇴다,"['문수형 멋지네,,,,1대1 다이다이 뜨러 갔네....ㅋㅋ 덕수형 울면서 나오겠네...']",266,2,1,https://finance.naver.com/item/board_read.naver?code=109080&nid=302079891&st=&sw=&page=8,21대,김문수,인맥주,2025-05-03,2025-06-10
옵티시스,109080,2025-05-07,와 문수형이 단일화 지지율 역전시켰네 ㅋㅋㅋ,jean****,https://m.wikitree.co.kr/articles/1047600,[],218,1,0,https://finance.naver.com/item/board_read.naver?code=109080&nid=302078428&st=&sw=&page=8,21대,김문수,인맥주,2025-05-03,2025-06-10
옵티시스,109080,2025-05-07,오늘 드디어 싼 구간으로 진입해버리네,djdj****,지금 사서 한 일년정도 가지고있으면 지금 가격보다는 높을거임,[],177,1,1,https://finance.naver.com/item/board_read.naver?code=109080&nid=302076534&st=&sw=&page=8,21대,김문수,인맥주,2025-05-03,2025-06-10
옵티시스,109080,2025-05-07,오~~~ 아래로 흔드네...,jbk1****,이제 움직여 볼려고 하네.... 아래로 한번 흔들어 보는것이 좋은 증조 네요,['형아들 흔들어도 나올것도 없어....매집 다 못했어???그래도 물량 나올께 없어 쫌만 먹고가 매도 물량도 별로 없는데 위로 말자 그낭~~!!'],215,0,1,https://finance.naver.com/item/board_read.naver?code=109080&nid=302075610&st=&sw=&page=8,21대,김문수,인맥주,2025-05-03,2025-06-10
옵티시스,109080,2025-05-07,새력형님한테 버림 받았나..,ms84****,테마주로 형성하기 최적의 조건인데. 시총470억/최대주주30%지분/유통주식수300만주/ 일전에 테마로34.000원 찍었을때도 최대주주는 회사의 진정성으로 보유주식 매도 없고/ 2만원까지는 테마로 올려도 무난하게 만들수 있겠는걸/ 돈줄 형님이 버렸나....돈이 보이는데 이 좋은 먹이감을 쉽게 접지는 않을거 같은데. 후발에 한방에 치고 올릴려고 하는지.,[],139,0,0,https://finance.naver.com/item/board_read.naver?code=109080&nid=302049570&st=&sw=&page=8,21대,김문수,인맥주,2025-05-03,2025-06-10
옵티시스,109080,2025-05-07,평홀 상 칠라 하는데,jean****,와 이건 진짜 좀 심하네 못해도 사조씨푸드 정도는 움직여야지,['지금 대장주가 상쳤는데 콩고물도 안떨어 지는거 보면 관런 없는 주식인가 봅니다...기다렸다가 양자 갈때나 봐야 겠네요...뭐 더 떠어 질것도 없고 ....'],128,1,0,https://finance.naver.com/item/board_read.naver?code=109080&nid=302049501&st=&sw=&page=8,21대,김문수,인맥주,2025-05-03,2025-06-10
옵티시스,109080,2025-05-07,문수와 관련없다,mr_r****,어휴,[],100,1,0,https://finance.naver.com/item/board_read.naver?code=109080&nid=302045833&st=&sw=&page=8,21대,김문수,인맥주,2025-05-03,2025-06-10
옵티시스,109080,2025-05-07,김문수 될꺼다.,agap****,한씨는 중도층 표를 끌지못한다. 김문수는 가능하지. 한씨는 욕심버려야됨. 역사의두안길로사라지거라,[],94,1,0,https://finance.naver.com/item/board_read.naver?code=109080&nid=302041268&st=&sw=&page=8,21대,김문수,인맥주,2025-05-03,2025-06-10
옵티시스,109080,2025-05-07,김문수가 경기도지사 시절에 직접 지원한 옵티시스,cdki****,김문수후보가 경기도지사때는 세계최초로 양자우물원천기술을 확보해 세계최초로 광소자 기술개발에 성공한 옵티시스에 경기도에서 투자지원한 사실이 있다 https://v.daum.net/v/20071214102005255 https://www.globalepic.co.kr/view.php?ud=20250115095439748abe7dc9896_29 https://v.daum.net/v/20191024144823611 옵티시스와 김문수 사진도 같이 찍음 https://v.daum.net/v/20111128183230963,[],97,1,0,https://finance.naver.com/item/board_read.naver?code=109080&nid=302039009&st=&sw=&page=8,21대,김문수,인맥주,2025-05-03,2025-06-10
옵티시스,109080,2025-05-06,김문수 테마주 종토방 시끄러운데,rrr0****,여기 ?케 조용?? https://mang30.com/%ea%b9%80%eb%ac%b8%ec%88%98-%ea%b4%80%eb%a0%a8%ec%a3%bc-%ec%a0%95%eb%a6%ac-%ec%9e%a5%eb%af%b8%eb%8c%80%ec%84%a0-%ec%a0%95%ec%b9%98-%ed%85%8c%eb%a7%88%ec%a3%bc-%ed%88%ac%ec%9e%90-%ea%b0%80%ec%9d%b4/,['그냥 대장주 사야 단타고 좋은 솔직하게 대장은 평화홀딩스 입니다'],205,0,2,https://finance.naver.com/item/board_read.naver?code=109080&nid=302026400&st=&sw=&page=8,21대,김문수,인맥주,2025-05-03,2025-06-10
옵티시스,109080,2025-05-05,얘들아 지금 달러환율 떨어진거보이지,tina****,"얘들아 지금 달러환율 떨어진거보이지 어차피 원화가치 상승중이고 국장 좋아질 전망임 옵티시스도 저평가 실적주라서 우상향할 전망이고, 제발 김문수랑 엮지마라. 정테주랑 얽히면 나락가는거 모르냐 에휴",[],337,3,0,https://finance.naver.com/item/board_read.naver?code=109080&nid=302003777&st=&sw=&page=8,21대,김문수,인맥주,2025-05-03,2025-06-10
옵티시스,109080,2025-05-05,사나이,61******,문수형으로 단일화될듯 여기서 멈출수없지 이왕 칼뺀거 칼춤한번추어야지,[],372,2,1,https://finance.naver.com/item/board_read.naver?code=109080&nid=301996599&st=&sw=&page=8,21대,김문수,인맥주,2025-05-03,2025-06-10
옵티시스,109080,2025-05-03,진짜 아까운 주식...,jbk1****,4월 8일 조기대선 확정 되고 김문수 주로 상한가 한번가고.. 슬금 슬금 빠짐.. 세력도 되겠어 이거 한번 먹고 튀자 했는데... 국힘 지지율 1위 나오고.. 국힘주자 8인 안에 들고 국힘주자 4인 안에 들고 국힘주자 2인 안에 들고 결국 국힘 대선 주자 확정... 진짜 누구도 아니다 아니다 했는데 여기까지 왔네.. 주가는 그냥 그자리.. 진짜 작업 했으면 10배 이상 가야되는 자리인데.. 누구도 몰랐으니.. 근데 이것뿐 아니라 문수형 관련주 다 이럼... 단일화?? 이것도 잘하면 문수형이 가져와... 국힘이 당원 밀어야지 덕수형 밀수 없거든.. 덕수형도 쫌 엑션 하다 양보 합니다 하고 물러 날듯.. 문수형 통령?? 물론 힘들지.. 근데 재명 판결 관련 해서 어찌 저찌 하다 보면... 문수형 될수도 있다니까 지금 까지 기적의 연속이야.. 끝은 몰라.. 아쉬운건 이 좋은 패를 아무도 예측 못해서 주가 부양을 못 한게 아쉽네,[],697,1,1,https://finance.naver.com/item/board_read.naver?code=109080&nid=301978173&st=&sw=&page=8,21대,김문수,인맥주,2025-05-03,2025-06-10
옵티시스,109080,2025-05-03,옵티시스 예전에 물려있어서 좀 가지고 있다.,ms84****,김장관 테마주로 묶여서 올려가면 좋기는 하다. 테마 탔으니깐 일단 2만원 가보자. 그롬 나는 감사인사 하고 퇴장 하긋다. 인사 않했다고 대통령감은 아니지 않냐?ㅋ ㅋ. 한총리와 단일화해서 한총리에게 밀어주는것이 현명하지 않은가 하는생각. 이재명이가 되면 아니됨.,"['전에는 경선 2등해도 13배 올르는데', '둘다 인물이 아니오. 나도 테마주 타기를 바라지만..다만, 재명이 사법 리스크가 변수요. 따라서 이 인간한테는 호잴수도..덕수는 고향 광주가서 되짜먹엇으니.']",768,3,4,https://finance.naver.com/item/board_read.naver?code=109080&nid=301973162&st=&sw=&page=9,21대,김문수,인맥주,2025-05-03,2025-06-10
옵티시스,109080,2025-05-03,와...,jbk1****,별 영향은 없을것 같기는 하지만.. 문수형 대단 하네.. 암튼 축하 드립니다 이게 되네요 ㅋㅋ,['그러게요 한동훈 아줌마 부대 인기 엄청 많은데 ^^'],550,4,0,https://finance.naver.com/item/board_read.naver?code=109080&nid=301970726&st=&sw=&page=9,21대,김문수,인맥주,2025-05-03,2025-06-10
